{"cameraMode":{"drawMode":0,"name":"Shaded","section":"Shading Mode"},"sceneLighting":true,"audioPlay":false,"sceneViewState":{"m_AlwaysRefresh":false,"showFog":false,"showSkybox":true,"showFlares":true,"showImageEffects":true,"showParticleSystems":true,"showVisualEffectGraphs":true,"m_FxEnabled":true},"in2DMode":false,"pivot":{"x":-0.02835925854742527,"y":1.6680970191955567,"z":0.08900654315948487},"rotation":{"x":0.5816833972930908,"y":-0.04508611932396889,"z":0.032316356897354129,"w":0.811524510383606},"size":0.2695181667804718,"orthographic":false}