{"cameraMode":{"drawMode":0,"name":"Shaded","section":"Shading Mode"},"sceneLighting":false,"audioPlay":false,"sceneViewState":{"m_AlwaysRefresh":false,"showFog":true,"showSkybox":false,"showFlares":true,"showImageEffects":true,"showParticleSystems":true,"showVisualEffectGraphs":true,"m_FxEnabled":true},"in2DMode":false,"pivot":{"x":-2.117553234100342,"y":-0.729827880859375,"z":-67.70233154296875},"rotation":{"x":0.0003750108298845589,"y":-0.9994184374809265,"z":0.03149397298693657,"w":0.016801947727799417},"size":34.62823486328125,"orthographic":false}